sha,date,churn,commits,bugs,features
521d01db950e357cf81ef78c50daf290e92b309c,2013-01-09 09:13:17+00:00,6955,1,0,0
87ccf9fea13cc6b290d70fd82ef5974dba42d677,2013-01-09 09:24:48+00:00,2267,52,0,0
c9c8c4e085015b14ca6c3db077bac05e36859907,2013-01-17 07:27:27+00:00,2394,27,0,0
5699bf83ee3cb6169be2488945e6319ea12c1bdf,2013-02-08 04:46:00+00:00,1368,32,0,0
14f882221f9f12de71331ce3eac44c297150c373,2013-02-19 15:56:21+00:00,4856,33,0,0
f1508666ecc70ecbf04290560756cb6fa72df291,2015-06-11 09:14:16+00:00,233378,215,0,0
db3fc815be1b7da89ff69c0b181d37a8a37a507b,2016-09-19 08:48:58+00:00,1682,18,16,17
3510dbfc4522f7cfc933519806625024be871a89,2016-09-20 03:41:05+00:00,144975,5,0,0
2a94e8443e6742e88fdcecc4a74557e4f6aecd8b,2016-11-12 16:26:53+00:00,1296,69,4,6
79b527a35d2141f619386bb94a9e18355aab7880,2024-12-27 15:47:47+00:00,1393,279,14,11
